Workbook

Sheet Export
A1: Card ID | B1: Card Name | C1: Promo Set | D1: Language | E1: Qty | F1: Purchase Price / Unit ($) | G1: Grading Cost / Unit ($) | H1: Withdrawal Fee / Unit ($) | I1: Total Cost ($) | J1: Pristine 10 Rate | K1: CGC 10 Rate | L1: CGC 9 Rate | M1: CGC 8 & Below Rate | N1: Pop Reliable? | O1: Pristine Set Price ($) | P1: Pristine 10 Indiv ($) | Q1: CGC 10 Price ($) | R1: CGC 9 Price ($) | S1: CGC 8 Raw Value ($) | T1: Price Source | U1: Date Checked | V1: Est. Pristine 10s | W1: Est. CGC 10s | X1: Est. CGC 9s | Y1: Est. CGC 8 & Below | Z1: Est. Pristine Sets | AA1: Est. Pristine Indiv | AB1: Expected Value ($) | AC1: Expected Profit ($) | AD1: Profit Per Unit ($) | AE1: Exp. Value if Sold as Sets ($)
A2: P-001 | B2: Monkey.D.Luffy | C2: 25th Anniversary Japanese | D2: JP | E2: 20 | F2: 17.39 | G2: 10 | H2: 3 | I2: 607.8 | J2: 0.48646672 | K2: 0.34162399 | L2: 0.11485004 | M2: 0.057059254 | N2: Yes | O2: 1250 | P2: 155 | Q2: 70 | R2: 35 | S2: 17.39 | T2: Ebay | U2: 46185 | V2: 9 | W2: 6 | X2: 3 | Y2: 2 | Z2: 7 | AA2: 2 | AB2: 1954.78 | AC2: 1346.98 | AD2: 67.349 | AE2: 869.78
A3: OP01-001 | B3: Roronoa Zoro | C3: 25th Anniversary Japanese | D3: JP | E3: 20 | F3: 17.39 | G3: 10 | H3: 3 | I3: 607.8 | J3: 0.40704846 | K3: 0.43259912 | L3: 0.12511013 | M3: 0.035242291 | N3: Yes | O3: 1250 | P3: 90 | Q3: 54 | R3: 30 | S3: 17.39 | T3: Ebay | U3: 46185 | V3: 8 | W3: 8 | X3: 3 | Y3: 1 | Z3: 7 | AA3: 1 | AB3: 1259.39 | AC3: 651.59 | AD3: 32.5795 | AE3: 629.39
A4: OP01-016 | B4: Nami | C4: 25th Anniversary Japanese | D4: JP | E4: 20 | F4: 17.39 | G4: 10 | H4: 3 | I4: 607.8 | J4: 0.58606886 | K4: 0.2866293 | L4: 0.090472378 | M4: 0.036829464 | N4: Yes | O4: 1250 | P4: 100 | Q4: 40 | R4: 30 | S4: 17.39 | T4: Ebay | U4: 46185 | V4: 11 | W4: 5 | X4: 2 | Y4: 1 | Z4: 7 | AA4: 4 | AB4: 1377.39 | AC4: 769.59 | AD4: 38.4795 | AE4: 677.39
A5: ST01-008 | B5: Nico Robin | C5: 25th Anniversary Japanese | D5: JP | E5: 20 | F5: 17.39 | G5: 10 | H5: 3 | I5: 607.8 | J5: 0.60904977 | K5: 0.27149321 | L5: 0.087782805 | M5: 0.031674208 | N5: Yes | O5: 1250 | P5: 90 | Q5: 30 | R5: 20 | S5: 17.39 | T5: Ebay | U5: 46185 | V5: 12 | W5: 5 | X5: 2 | Y5: 1 | Z5: 7 | AA5: 5 | AB5: 1287.39 | AC5: 679.59 | AD5: 33.9795 | AE5: 657.39
A6: ST01-006-JP | B6: Tony Tony Chopper | C6: 25th Anniversary Japanese | D6: JP | E6: 20 | F6: 17.39 | G6: 10 | H6: 3 | I6: 607.8 | J6: 0.5785124 | K6: 0.25711662 | L6: 0.096418733 | M6: 0.06795225 | N6: Yes | O6: 1250 | P6: 120 | Q6: 60 | R6: 27 | S6: 17.39 | T6: Ebay | U6: 46185 | V6: 11 | W6: 5 | X6: 2 | Y6: 2 | Z6: 7 | AA6: 4 | AB6: 1708.78 | AC6: 1100.98 | AD6: 55.049 | AE6: 868.78
A7: OP01-013 | B7: Sanji | C7: 25th Anniversary Japanese | D7: JP | E7: 20 | F7: 17.39 | G7: 10 | H7: 3 | I7: 607.8 | J7: 0.63095238 | K7: 0.25865801 | L7: 0.071428571 | M7: 0.038961039 | N7: Yes | O7: 1250 | P7: 60 | Q7: 30 | R7: 20 | S7: 17.39 | T7: Ebay | U7: 46185 | V7: 12 | W7: 5 | X7: 2 | Y7: 1 | Z7: 7 | AA7: 5 | AB7: 927.39 | AC7: 319.59 | AD7: 15.9795 | AE7: 507.39
A8: OP01-022 | B8: Brook | C8: 25th Anniversary Japanese | D8: JP | E8: 20 | F8: 17.39 | G8: 10 | H8: 3 | I8: 607.8 | J8: 0.38550725 | K8: 0.35942029 | L8: 0.13043478 | M8: 0.12463768 | N8: Yes | O8: 1250 | P8: 60 | Q8: 25 | R8: 20 | S8: 17.39 | T8: Ebay | U8: 46185 | V8: 7 | W8: 7 | X8: 3 | Y8: 3 | Z8: 7 | AA8: 0 | AB8: 707.17 | AC8: 99.37 | AD8: 4.9685 | AE8: 287.17
A9: ST01-005 | B9: Jinbe | C9: 25th Anniversary Japanese | D9: JP | E9: 20 | F9: 17.39 | G9: 10 | H9: 3 | I9: 607.8 | J9: 0.51336146 | K9: 0.33192686 | L9: 0.10267229 | M9: 0.052039381 | N9: Yes | O9: 1250 | P9: 65 | Q9: 30 | R9: 20 | S9: 17.39 | T9: Ebay | U9: 46185 | V9: 10 | W9: 6 | X9: 3 | Y9: 2 | Z9: 7 | AA9: 3 | AB9: 924.78 | AC9: 316.98 | AD9: 15.849 | AE9: 469.78
A10: ST01-010 | B10: Franky | C10: 25th Anniversary Japanese | D10: JP | E10: 20 | F10: 17.39 | G10: 10 | H10: 3 | I10: 607.8 | J10: 0.51140065 | K10: 0.3485342 | L10: 0.1009772 | M10: 0.039087948 | N10: Yes | O10: 1250 | P10: 40 | Q10: 20 | R10: 20 | S10: 17.39 | T10: Ebay | U10: 46185 | V10: 10 | W10: 6 | X10: 3 | Y10: 1 | Z10: 7 | AA10: 3 | AB10: 597.39 | AC10: -10.41 | AD10: -0.5205 | AE10: 317.39
A11: ST01-002-JP | B11: Usopp | C11: 25th Anniversary Japanese | D11: JP | E11: 20 | F11: 17.39 | G11: 10 | H11: 3 | I11: 607.8 | J11: 0.51582278 | K11: 0.31962025 | L11: 0.11550633 | M11: 0.049050633 | N11: Yes | O11: 1250 | P11: 40 | Q11: 22 | R11: 20 | S11: 17.39 | T11: Ebay | U11: 46185 | V11: 10 | W11: 6 | X11: 3 | Y11: 1 | Z11: 7 | AA11: 3 | AB11: 609.39 | AC11: 1.59 | AD11: 0.0795 | AE11: 329.39
A12: ST25-001 | B12: Monkey.D.Luffy | C12: Base Shop Collection Vol. 1 | D12: JP | E12: 50 | F12: 19.97 | G12: 10 | H12: 3 | I12: 1648.5 | J12: 0.67266187 | K12: 0.25899281 | L12: 0.04676259 | M12: 0.021582734 | N12: Yes | O12: 610 | P12: 160 | Q12: 120 | R12: 20 | S12: 19.97 | T12: Ebay | U12: 46185 | V12: 33 | W12: 12 | X12: 3 | Y12: 2 | Z12: 33 | AA12: 0 | AB12: 6819.94 | AC12: 5171.44 | AD12: 103.4288 | AE12: 1539.94
A13: OP08-001 | B13: Tony Tony Chopper | C13: Base Shop Collection Vol. 1 | D13: JP | E13: 50 | F13: 19.97 | G13: 10 | H13: 3 | I13: 1648.5 | J13: 0.71202114 | K13: 0.21136063 | L13: 0.058124174 | M13: 0.018494055 | N13: Yes | O13: 610 | P13: 96 | Q13: 45 | R13: 20 | S13: 19.97 | T13: Ebay | U13: 46185 | V13: 35 | W13: 10 | X13: 3 | Y13: 1 | Z13: 33 | AA13: 2 | AB13: 3889.97 | AC13: 2241.47 | AD13: 44.8294 | AE13: 721.97
... A60: P-072 | B60: Ryuma | C60: Best Selection Vol. 3 | D60: EN | E60: 4 | F60: 8.22 | G60: 10 | H60: 3 | I60: 84.88 | J60: 0.62654321 | K60: 0.2962963 | L60: 0.058641975 | M60: 0.018518519 | N60: Yes | O60: 800 | P60: 230 | Q60: 10 | R60: 100 | S60: 8.22 | T60: Ebay | U60: 46185 | V60: 2 | W60: 1 | X60: 1 | Y60: 1 | Z60: 2 | AA60: 0 | AB60: 578.22 | AC60: 493.34 | AD60: 123.335 | AE60: 118.22

Sheet Set Performance Export
A1: Promo Set | B1: Qty | C1: Cards in Set | D1: Language | E1: Total Cost Invested ($) | F1: Total Exp. Value - Individual ($) | G1: Total Exp. Profit - Individual ($) | H1: Avg ROI - Individual (%) | I1: Pristine 10 Set Price ($) | J1: Est. Complete Pristine Sets | K1: Total Exp. Value - As Sets ($) | L1: Total Exp. Profit - As Sets ($) | M1: Avg ROI - As Sets (%) | N1: Est. Total Pristine 10s | O1: Est. Total CGC 10s | P1: Est. Total CGC 9s
A2: 25th Anniversary Japanese | B2: 20 | C2: 10 | D2: JP | E2: 6078 | F2: 11353.85 | G2: 5275.85 | H2: 86.802402 | I2: 1250 | J2: 7 | K2: 14363.85 | L2: 8285.85 | M2: 136.32527 | N2: 100 | O2: 59 | P2: 26
A3: Base Shop Collection Vol. 1 | B3: 50 | C3: 6 | D3: JP | E3: 9891 | F3: 21916.76 | G3: 12025.76 | H3: 121.58285 | I3: 610 | J3: 33 | K3: 25018.76 | L3: 15127.76 | M3: 152.9447 | N3: 219 | O3: 54 | P3: 16
A4: Kumamoto Special | B4: 20 | C4: 10 | D4: JP | E4: 8416 | F4: 27310.88 | G4: 18894.88 | H4: 224.51141 | I4: 3000 | J4: 9 | K4: 36652.88 | L4: 28236.88 | M4: 335.51426 | N4: 98 | O4: 69 | P4: 24
A5: Live Action Collection | B5: 4 | C5: 9 | D5: EN | E5: 916.2 | F5: 1524.1 | G5: 607.9 | H5: 66.350142 | I5: 800 | J5: 2 | K5: 2040.1 | L5: 1123.9 | M5: 122.66972 | N5: 19 | O5: 5 | P5: 9
A6: Red Film Collection | B6: 12 | C6: 12 | D6: EN | E6: 6112.8 | F6: 11320.4 | G6: 5207.6 | H6: 85.191729 | I6: 2000 | J6: 6 | K6: 15970.4 | L6: 9857.6 | M6: 161.26162 | N6: 85 | O6: 36 | P6: 13
A7: Best Selection Vol. 3 | B7: 4 | C7: 12 | D7: EN | E7: 1018.56 | F7: 1471.2 | G7: 452.64 | H7: 44.439208 | I7: 800 | J7: 2 | K7: 2017.2 | L7: 998.64 | M7: 98.044298 | N7: 28 | O7: 3 | P7: 12

Sheet Summary
A1: ONE PIECE CGC CARD PORTFOLIO — SUMMARY
A3: PORTFOLIO OVERVIEW
A4: Total Cards Tracked | D4: =IFERROR(SUM(Cards!E3:E61),0) -> 928
A5: Total Grading Cost and Withdraw Fee | D5: =IFERROR(SUM(Cards!J3:J61),0) -> 12064
A6: Total Cards Cost | D6: =IFERROR(SUM(Cards!I3:I61),0) -> 20368.56
A7: Total Cost Invested | D7: =D5+D6 -> 32432.56
A8: Total Expected Value | D8: ='Set Performance'!L9 -> 95503.19
A9: Total Expected Profit | D9: ='Set Performance'!M9 -> 63070.63
A10: Average Expected ROI | D10: =D9/D7 -> 1.9446701

Sheet Cards
A1: CARD INFO
A2: Card ID (e.g. C001) | B2: Language (JP / EN) | C2: Card Name | D2: Promo Set | E2: Qty | F2: Purchase Price ($) | G2: Grading Cost ($) | H2: Withdrawal Fee ($) | I2: Total Card Cost | J2: Total Grading Cost and Withdraw Fee | K2: Total Cost
A3: P-001 | B3: JP | C3: Monkey.D.Luffy | D3: 25th Anniversary Japanese | E3: 20 | F3: 17.39 | G3: 10 | H3: 3 | I3: =E3*F3 -> 347.8 | J3: =E3*(G3+H3) -> 260 | K3: =I3+J3 -> 607.8
A4: OP01-001 | B4: JP | C4: Roronoa Zoro | D4: 25th Anniversary Japanese | E4: 20 | F4: 17.39 | G4: 10 | H4: 3 | I4: =E4*F4 -> 347.8 | J4: =E4*(G4+H4) -> 260 | K4: =I4+J4 -> 607.8
A5: OP01-016 | B5: JP | C5: Nami | D5: 25th Anniversary Japanese | E5: 20 | F5: 17.39 | G5: 10 | H5: 3 | I5: =E5*F5 -> 347.8 | J5: =E5*(G5+H5) -> 260 | K5: =I5+J5 -> 607.8
A6: ST01-008 | B6: JP | C6: Nico Robin | D6: 25th Anniversary Japanese | E6: 20 | F6: 17.39 | G6: 10 | H6: 3 | I6: =E6*F6 -> 347.8 | J6: =E6*(G6+H6) -> 260 | K6: =I6+J6 -> 607.8
A7: ST01-006-JP | B7: JP | C7: Tony Tony Chopper | D7: 25th Anniversary Japanese | E7: 20 | F7: 17.39 | G7: 10 | H7: 3 | I7: =E7*F7 -> 347.8 | J7: =E7*(G7+H7) -> 260 | K7: =I7+J7 -> 607.8
A8: OP01-013 | B8: JP | C8: Sanji | D8: 25th Anniversary Japanese | E8: 20 | F8: 17.39 | G8: 10 | H8: 3 | I8: =E8*F8 -> 347.8 | J8: =E8*(G8+H8) -> 260 | K8: =I8+J8 -> 607.8
A9: OP01-022 | B9: JP | C9: Brook | D9: 25th Anniversary Japanese | E9: 20 | F9: 17.39 | G9: 10 | H9: 3 | I9: =E9*F9 -> 347.8 | J9: =E9*(G9+H9) -> 260 | K9: =I9+J9 -> 607.8
A10: ST01-005 | B10: JP | C10: Jinbe | D10: 25th Anniversary Japanese | E10: 20 | F10: 17.39 | G10: 10 | H10: 3 | I10: =E10*F10 -> 347.8 | J10: =E10*(G10+H10) -> 260 | K10: =I10+J10 -> 607.8
A11: ST01-010 | B11: JP | C11: Franky | D11: 25th Anniversary Japanese | E11: 20 | F11: 17.39 | G11: 10 | H11: 3 | I11: =E11*F11 -> 347.8 | J11: =E11*(G11+H11) -> 260 | K11: =I11+J11 -> 607.8
A12: ST01-002-JP | B12: JP | C12: Usopp | D12: 25th Anniversary Japanese | E12: 20 | F12: 17.39 | G12: 10 | H12: 3 | I12: =E12*F12 -> 347.8 | J12: =E12*(G12+H12) -> 260 | K12: =I12+J12 -> 607.8
A13: ST25-001 | B13: JP | C13: Monkey.D.Luffy | D13: Base Shop Collection Vol. 1 | E13: 50 | F13: 19.97 | G13: 10 | H13: 3 | I13: =E13*F13 -> 998.5 | J13: =E13*(G13+H13) -> 650 | K13: =I13+J13 -> 1648.5
A14: OP08-001 | B14: JP | C14: Tony Tony Chopper | D14: Base Shop Collection Vol. 1 | E14: 50 | F14: 19.97 | G14: 10 | H14: 3 | I14: =E14*F14 -> 998.5 | J14: =E14*(G14+H14) -> 650 | K14: =I14+J14 -> 1648.5
... A61: P-072 | B61: EN | C61: Ryuma | D61: Best Selection Vol. 3 | E61: 4 | F61: 8.22 | G61: 10 | H61: 3 | I61: =E61*F61 -> 32.88 | J61: =E61*(G61+H61) -> 52 | K61: =I61+J61 -> 84.88

Sheet CGC Pop Rates
A1: CARD REF | C1: CGC POP DATA | K1: CGC 8 & BELOW (Auto)
A2: Card ID | B2: Card Name (Auto from Cards sheet) | C2: CGC Pop Total | D2: Pop Reliable? | E2: Pristine 10 Pop | F2: CGC 10 Pop | G2: CGC 9 Pop | H2: Pristine 10 Rate | I2: CGC 10 Rate | J2: CGC 9 Rate | K2: CGC 8 & Below Rate (Auto)
A3: P-001 | B3: {=IFERROR(xlookup(A3,Cards!A$3:A$61,Cards!C$3:C$61,""),"")} -> Monkey.D.Luffy | C3: 1367 | D3: =IFERROR(IF(C3="","",IF(C3>=50,"Yes","Low Pop - Caution")),"") -> Yes | E3: 665 | F3: 467 | G3: 157 | H3: =E3/C3 -> 0.48646672 | I3: =F3/C3 -> 0.34162399 | J3: =G3/C3 -> 0.11485004 | K3: =IFERROR(IF(H3<>"",MAX(0,1-H3-I3-J3),""),"") -> 0.057059254
A4: OP01-001 | B4: {=IFERROR(xlookup(A4,Cards!A$3:A$61,Cards!C$3:C$61,""),"")} -> Roronoa Zoro | C4: 1135 | D4: =IFERROR(IF(C4="","",IF(C4>=50,"Yes","Low Pop - Caution")),"") -> Yes | E4: 462 | F4: 491 | G4: 142 | H4: =E4/C4 -> 0.40704846 | I4: =F4/C4 -> 0.43259912 | J4: =G4/C4 -> 0.12511013 | K4: =IFERROR(IF(H4<>"",MAX(0,1-H4-I4-J4),""),"") -> 0.035242291
A5: OP01-016 | B5: {=IFERROR(xlookup(A5,Cards!A$3:A$61,Cards!C$3:C$61,""),"")} -> Nami | C5: 1249 | D5: =IFERROR(IF(C5="","",IF(C5>=50,"Yes","Low Pop - Caution")),"") -> Yes | E5: 732 | F5: 358 | G5: 113 | H5: =E5/C5 -> 0.58606886 | I5: =F5/C5 -> 0.2866293 | J5: =G5/C5 -> 0.090472378 | K5: =IFERROR(IF(H5<>"",MAX(0,1-H5-I5-J5),""),"") -> 0.036829464
A6: ST01-008 | B6: {=IFERROR(xlookup(A6,Cards!A$3:A$61,Cards!C$3:C$61,""),"")} -> Nico Robin | C6: 1105 | D6: =IFERROR(IF(C6="","",IF(C6>=50,"Yes","Low Pop - Caution")),"") -> Yes | E6: 673 | F6: 300 | G6: 97 | H6: =E6/C6 -> 0.60904977 | I6: =F6/C6 -> 0.27149321 | J6: =G6/C6 -> 0.087782805 | K6: =IFERROR(IF(H6<>"",MAX(0,1-H6-I6-J6),""),"") -> 0.031674208
A7: ST01-006-JP | B7: {=IFERROR(xlookup(A7,Cards!A$3:A$61,Cards!C$3:C$61,""),"")} -> Tony Tony Chopper | C7: 1089 | D7: =IFERROR(IF(C7="","",IF(C7>=50,"Yes","Low Pop - Caution")),"") -> Yes | E7: 630 | F7: 280 | G7: 105 | H7: =E7/C7 -> 0.5785124 | I7: =F7/C7 -> 0.25711662 | J7: =G7/C7 -> 0.096418733 | K7: =IFERROR(IF(H7<>"",MAX(0,1-H7-I7-J7),""),"") -> 0.06795225
A8: OP01-013 | B8: {=IFERROR(xlookup(A8,Cards!A$3:A$61,Cards!C$3:C$61,""),"")} -> Sanji | C8: 924 | D8: =IFERROR(IF(C8="","",IF(C8>=50,"Yes","Low Pop - Caution")),"") -> Yes | E8: 583 | F8: 239 | G8: 66 | H8: =E8/C8 -> 0.63095238 | I8: =F8/C8 -> 0.25865801 | J8: =G8/C8 -> 0.071428571 | K8: =IFERROR(IF(H8<>"",MAX(0,1-H8-I8-J8),""),"") -> 0.038961039
A9: OP01-022 | B9: {=IFERROR(xlookup(A9,Cards!A$3:A$61,Cards!C$3:C$61,""),"")} -> Brook | C9: 690 | D9: =IFERROR(IF(C9="","",IF(C9>=50,"Yes","Low Pop - Caution")),"") -> Yes | E9: 266 | F9: 248 | G9: 90 | H9: =E9/C9 -> 0.38550725 | I9: =F9/C9 -> 0.35942029 | J9: =G9/C9 -> 0.13043478 | K9: =IFERROR(IF(H9<>"",MAX(0,1-H9-I9-J9),""),"") -> 0.12463768
A10: ST01-005 | B10: {=IFERROR(xlookup(A10,Cards!A$3:A$61,Cards!C$3:C$61,""),"")} -> Jinbe | C10: 711 | D10: =IFERROR(IF(C10="","",IF(C10>=50,"Yes","Low Pop - Caution")),"") -> Yes | E10: 365 | F10: 236 | G10: 73 | H10: =E10/C10 -> 0.51336146 | I10: =F10/C10 -> 0.33192686 | J10: =G10/C10 -> 0.10267229 | K10: =IFERROR(IF(H10<>"",MAX(0,1-H10-I10-J10),""),"") -> 0.052039381
A11: ST01-010 | B11: {=IFERROR(xlookup(A11,Cards!A$3:A$61,Cards!C$3:C$61,""),"")} -> Franky | C11: 614 | D11: =IFERROR(IF(C11="","",IF(C11>=50,"Yes","Low Pop - Caution")),"") -> Yes | E11: 314 | F11: 214 | G11: 62 | H11: =E11/C11 -> 0.51140065 | I11: =F11/C11 -> 0.3485342 | J11: =G11/C11 -> 0.1009772 | K11: =IFERROR(IF(H11<>"",MAX(0,1-H11-I11-J11),""),"") -> 0.039087948
A12: ST01-002-JP | B12: {=IFERROR(xlookup(A12,Cards!A$3:A$61,Cards!C$3:C$61,""),"")} -> Usopp | C12: 632 | D12: =IFERROR(IF(C12="","",IF(C12>=50,"Yes","Low Pop - Caution")),"") -> Yes | E12: 326 | F12: 202 | G12: 73 | H12: =E12/C12 -> 0.51582278 | I12: =F12/C12 -> 0.31962025 | J12: =G12/C12 -> 0.11550633 | K12: =IFERROR(IF(H12<>"",MAX(0,1-H12-I12-J12),""),"") -> 0.049050633
A13: ST25-001 | B13: {=IFERROR(xlookup(A13,Cards!A$3:A$61,Cards!C$3:C$61,""),"")} -> Monkey.D.Luffy | C13: 834 | D13: =IFERROR(IF(C13="","",IF(C13>=50,"Yes","Low Pop - Caution")),"") -> Yes | E13: 561 | F13: 216 | G13: 39 | H13: =E13/C13 -> 0.67266187 | I13: =F13/C13 -> 0.25899281 | J13: =G13/C13 -> 0.04676259 | K13: =IFERROR(IF(H13<>"",MAX(0,1-H13-I13-J13),""),"") -> 0.021582734
A14: OP08-001 | B14: {=IFERROR(xlookup(A14,Cards!A$3:A$61,Cards!C$3:C$61,""),"")} -> Tony Tony Chopper | C14: 757 | D14: =IFERROR(IF(C14="","",IF(C14>=50,"Yes","Low Pop - Caution")),"") -> Yes | E14: 539 | F14: 160 | G14: 44 | H14: =E14/C14 -> 0.71202114 | I14: =F14/C14 -> 0.21136063 | J14: =G14/C14 -> 0.058124174 | K14: =IFERROR(IF(H14<>"",MAX(0,1-H14-I14-J14),""),"") -> 0.018494055
... A61: P-072 | B61: {=IFERROR(xlookup(A61,Cards!A$3:A$61,Cards!C$3:C$61,""),"")} -> Ryuma | C61: 324 | D61: =IFERROR(IF(C61="","",IF(C61>=50,"Yes","Low Pop - Caution")),"") -> Yes | E61: 203 | F61: 96 | G61: 19 | H61: =E61/C61 -> 0.62654321 | I61: =F61/C61 -> 0.2962963 | J61: =G61/C61 -> 0.058641975 | K61: =IFERROR(IF(H61<>"",MAX(0,1-H61-I61-J61),""),"") -> 0.018518519

Sheet Market Prices
A1: CARD REF | D1: CGC PRICES
A2: Card ID | B2: Card Name (Auto) | C2: CGC 8 & Below Raw Value ($) | D2: CGC 9 Individual ($) | E2: CGC 10 Individual ($) | F2: Pristine 10 Individual ($) | G2: Price Source (eBay/TCGPlayer) | H2: Date Checked
A3: P-001 | B3: {=IFERROR(xlookup(A3,Cards!A$3:A$61,Cards!C$3:C$61,""),"")} -> Monkey.D.Luffy | C3: 17.39 | D3: 35 | E3: 70 | F3: 155 | G3: Ebay | H3: 46185
A4: OP01-001 | B4: {=IFERROR(xlookup(A4,Cards!A$3:A$61,Cards!C$3:C$61,""),"")} -> Roronoa Zoro | C4: 17.39 | D4: 30 | E4: 54 | F4: 90 | G4: Ebay | H4: 46185
A5: OP01-016 | B5: {=IFERROR(xlookup(A5,Cards!A$3:A$61,Cards!C$3:C$61,""),"")} -> Nami | C5: 17.39 | D5: 30 | E5: 40 | F5: 100 | G5: Ebay | H5: 46185
A6: ST01-008 | B6: {=IFERROR(xlookup(A6,Cards!A$3:A$61,Cards!C$3:C$61,""),"")} -> Nico Robin | C6: 17.39 | D6: 20 | E6: 30 | F6: 90 | G6: Ebay | H6: 46185
A7: ST01-006-JP | B7: {=IFERROR(xlookup(A7,Cards!A$3:A$61,Cards!C$3:C$61,""),"")} -> Tony Tony Chopper | C7: 17.39 | D7: 27 | E7: 60 | F7: 120 | G7: Ebay | H7: 46185
A8: OP01-013 | B8: {=IFERROR(xlookup(A8,Cards!A$3:A$61,Cards!C$3:C$61,""),"")} -> Sanji | C8: 17.39 | D8: 20 | E8: 30 | F8: 60 | G8: Ebay | H8: 46185
A9: OP01-022 | B9: {=IFERROR(xlookup(A9,Cards!A$3:A$61,Cards!C$3:C$61,""),"")} -> Brook | C9: 17.39 | D9: 20 | E9: 25 | F9: 60 | G9: Ebay | H9: 46185
A10: ST01-005 | B10: {=IFERROR(xlookup(A10,Cards!A$3:A$61,Cards!C$3:C$61,""),"")} -> Jinbe | C10: 17.39 | D10: 20 | E10: 30 | F10: 65 | G10: Ebay | H10: 46185
A11: ST01-010 | B11: {=IFERROR(xlookup(A11,Cards!A$3:A$61,Cards!C$3:C$61,""),"")} -> Franky | C11: 17.39 | D11: 20 | E11: 20 | F11: 40 | G11: Ebay | H11: 46185
A12: ST01-002-JP | B12: {=IFERROR(xlookup(A12,Cards!A$3:A$61,Cards!C$3:C$61,""),"")} -> Usopp | C12: 17.39 | D12: 20 | E12: 22 | F12: 40 | G12: Ebay | H12: 46185
A13: ST25-001 | B13: {=IFERROR(xlookup(A13,Cards!A$3:A$61,Cards!C$3:C$61,""),"")} -> Monkey.D.Luffy | C13: 19.97 | D13: 20 | E13: 120 | F13: 160 | G13: Ebay | H13: 46185
A14: OP08-001 | B14: {=IFERROR(xlookup(A14,Cards!A$3:A$61,Cards!C$3:C$61,""),"")} -> Tony Tony Chopper | C14: 19.97 | D14: 20 | E14: 45 | F14: 96 | G14: Ebay | H14: 46185
... A61: P-072 | B61: {=IFERROR(xlookup(A61,Cards!A$3:A$61,Cards!C$3:C$61,""),"")} -> Ryuma | C61: 8.22 | D61: 100 | E61: 10 | F61: 230 | G61: Ebay | H61: 46185

Sheet Analysis
A1: CARD REF | D1: COSTS ($) | E1: GRADE RATES | J1: MARKET PRICES ($)
A2: Card ID | B2: Card Name | C2: Promo Set | D2: Total Cost ($) (from Cards) | E2: Pristine Rate | F2: CGC 10 Rate | G2: CGC 9 Rate | H2: CGC 8 & Below Rate (Auto) | I2: Pop Reliable? | J2: Pristine Set Price ($) | K2: Pristine Indiv. ($) | L2: CGC 10 ($) | M2: CGC 9 ($) | N2: CGC 8 & Below Raw Value ($) | O2: Est. Pristine 10s | P2: Est. CGC 10s | Q2: Est. CGC 9s | R2: Est. CGC 8 & Below | S2: Est. Pristine 10 Sets | T2: Est. Pristine 10 Sold Invidually | U2: Expected Value ($) | V2: Expected Profit ($) | W2: Expected ROI (%) | X2: Expected Value if sold with sets
A3: P-001 | B3: {=IFERROR(xlookup(A3,Cards!A$3:A$61,Cards!C$3:C$61),"")} -> Monkey.D.Luffy | C3: {=IFERROR(xlookup(A3,Cards!A$3:A$61,Cards!D$3:D$61),"")} -> 25th Anniversary Japanese | D3: {=IFERROR(xlookup(A3,Cards!A1:A1000,Cards!K1:K1000),"")} -> 607.8 | E3: {=IFERROR(xlookup(A3,'CGC Pop Rates'!A$3:A$61,'CGC Pop Rates'!H$3:H$61),"")} -> 0.48646672 | F3: {=IFERROR(xlookup(A3,'CGC Pop Rates'!A$3:A$61,'CGC Pop Rates'!I$3:I$61),"")} -> 0.34162399 | G3: {=IFERROR(xlookup(A3,'CGC Pop Rates'!A$3:A$61,'CGC Pop Rates'!J$3:J$61),"")} -> 0.11485004 | H3: {=IFERROR(xlookup(A3,'CGC Pop Rates'!A$3:A$61,'CGC Pop Rates'!K$3:K$61),"")} -> 0.057059254 | I3: {=IFERROR(xlookup(A3,'CGC Pop Rates'!A$3:A$61,'CGC Pop Rates'!D$3:D$61),"")} -> Yes | J3: 1250 | K3: {=IFERROR(xlookup(A3,'Market Prices'!A$3:A$61,'Market Prices'!F$3:F$61),"")} -> 155 | L3: {=IFERROR(xlookup(A3,'Market Prices'!A$3:A$61,'Market Prices'!E$3:E$61),"")} -> 70 | M3: {=IFERROR(xlookup(A3,'Market Prices'!A$3:A$61,'Market Prices'!D$3:D$61),"")} -> 35 | N3: {=IFERROR(xlookup(A3,'Market Prices'!A$3:A$61,'Market Prices'!C$3:C$61),"")} -> 17.39 | O3: {=IFERROR(IF(AND(A3<>"",E3<>""),ROUNDDOWN(xlookup(A3,Cards!A$3:A$61,Cards!E$3:E$61)*E3,0),""),"")} -> 9 | P3: {=IFERROR(IF(AND(A3<>"",F3<>""),ROUNDDOWN(xlookup(A3,Cards!A$3:A$61,Cards!E$3:E$61)*F3,0),""),"")} -> 6 | Q3: {=IFERROR(IF(AND(A3<>"",G3<>""),ROUNDUP(xlookup(A3,Cards!A$3:A$61,Cards!E$3:E$61)*G3,0),""),"")} -> 3 | R3: {=IFERROR(IF(AND(A3<>"",H3<>""),ROUNDUP(xlookup(A3,Cards!A$3:A$61,Cards!E$3:E$61)*H3,0),""),"")} -> 2 | S3: =IFERROR(IF(C3<>"",minifs(O$3:O$61,C$3:C$61,C3),""),"") -> 7 | T3: =O3-S3 -> 2 | U3: =(O3*K3)+(P3*L3)+(Q3*M3)+(R3*N3) -> 1954.78 | V3: =IFERROR(IF(AND(U3<>"",D3<>""),U3-D3,""),"") -> 1346.98 | W3: =IFERROR(IF(AND(U3<>"",D3<>"",D3<>0),(U3-D3)/D3,""),"") -> 2.2161566 | X3: =(T3*K3)+(P3*L3)+(Q3*M3)+(R3*N3) -> 869.78
A4: OP01-001 | B4: {=IFERROR(xlookup(A4,Cards!A$3:A$61,Cards!C$3:C$61),"")} -> Roronoa Zoro | C4: {=IFERROR(xlookup(A4,Cards!A$3:A$61,Cards!D$3:D$61),"")} -> 25th Anniversary Japanese | D4: {=IFERROR(xlookup(A4,Cards!A2:A1001,Cards!K2:K1001),"")} -> 607.8 | E4: {=IFERROR(xlookup(A4,'CGC Pop Rates'!A$3:A$61,'CGC Pop Rates'!H$3:H$61),"")} -> 0.40704846 | F4: {=IFERROR(xlookup(A4,'CGC Pop Rates'!A$3:A$61,'CGC Pop Rates'!I$3:I$61),"")} -> 0.43259912 | G4: {=IFERROR(xlookup(A4,'CGC Pop Rates'!A$3:A$61,'CGC Pop Rates'!J$3:J$61),"")} -> 0.12511013 | H4: {=IFERROR(xlookup(A4,'CGC Pop Rates'!A$3:A$61,'CGC Pop Rates'!K$3:K$61),"")} -> 0.035242291 | I4: {=IFERROR(xlookup(A4,'CGC Pop Rates'!A$3:A$61,'CGC Pop Rates'!D$3:D$61),"")} -> Yes | J4: 1250 | K4: {=IFERROR(xlookup(A4,'Market Prices'!A$3:A$61,'Market Prices'!F$3:F$61),"")} -> 90 | L4: {=IFERROR(xlookup(A4,'Market Prices'!A$3:A$61,'Market Prices'!E$3:E$61),"")} -> 54 | M4: {=IFERROR(xlookup(A4,'Market Prices'!A$3:A$61,'Market Prices'!D$3:D$61),"")} -> 30 | N4: {=IFERROR(xlookup(A4,'Market Prices'!A$3:A$61,'Market Prices'!C$3:C$61),"")} -> 17.39 | O4: {=IFERROR(IF(AND(A4<>"",E4<>""),ROUNDDOWN(xlookup(A4,Cards!A$3:A$61,Cards!E$3:E$61)*E4,0),""),"")} -> 8 | P4: {=IFERROR(IF(AND(A4<>"",F4<>""),ROUNDDOWN(xlookup(A4,Cards!A$3:A$61,Cards!E$3:E$61)*F4,0),""),"")} -> 8 | Q4: {=IFERROR(IF(AND(A4<>"",G4<>""),ROUNDUP(xlookup(A4,Cards!A$3:A$61,Cards!E$3:E$61)*G4,0),""),"")} -> 3 | R4: {=IFERROR(IF(AND(A4<>"",H4<>""),ROUNDUP(xlookup(A4,Cards!A$3:A$61,Cards!E$3:E$61)*H4,0),""),"")} -> 1 | S4: =IFERROR(IF(C4<>"",minifs(O$3:O$61,C$3:C$61,C4),""),"") -> 7 | T4: =O4-S4 -> 1 | U4: =(O4*K4)+(P4*L4)+(Q4*M4)+(R4*N4) -> 1259.39 | V4: =IFERROR(IF(AND(U4<>"",D4<>""),U4-D4,""),"") -> 651.59 | W4: =IFERROR(IF(AND(U4<>"",D4<>"",D4<>0),(U4-D4)/D4,""),"") -> 1.0720467 | X4: =(T4*K4)+(P4*L4)+(Q4*M4)+(R4*N4) -> 629.39
A5: OP01-016 | B5: {=IFERROR(xlookup(A5,Cards!A$3:A$61,Cards!C$3:C$61),"")} -> Nami | C5: {=IFERROR(xlookup(A5,Cards!A$3:A$61,Cards!D$3:D$61),"")} -> 25th Anniversary Japanese | D5: {=IFERROR(xlookup(A5,Cards!A3:A1002,Cards!K3:K1002),"")} -> 607.8 | E5: {=IFERROR(xlookup(A5,'CGC Pop Rates'!A$3:A$61,'CGC Pop Rates'!H$3:H$61),"")} -> 0.58606886 | F5: {=IFERROR(xlookup(A5,'CGC Pop Rates'!A$3:A$61,'CGC Pop Rates'!I$3:I$61),"")} -> 0.2866293 | G5: {=IFERROR(xlookup(A5,'CGC Pop Rates'!A$3:A$61,'CGC Pop Rates'!J$3:J$61),"")} -> 0.090472378 | H5: {=IFERROR(xlookup(A5,'CGC Pop Rates'!A$3:A$61,'CGC Pop Rates'!K$3:K$61),"")} -> 0.036829464 | I5: {=IFERROR(xlookup(A5,'CGC Pop Rates'!A$3:A$61,'CGC Pop Rates'!D$3:D$61),"")} -> Yes | J5: 1250 | K5: {=IFERROR(xlookup(A5,'Market Prices'!A$3:A$61,'Market Prices'!F$3:F$61),"")} -> 100 | L5: {=IFERROR(xlookup(A5,'Market Prices'!A$3:A$61,'Market Prices'!E$3:E$61),"")} -> 40 | M5: {=IFERROR(xlookup(A5,'Market Prices'!A$3:A$61,'Market Prices'!D$3:D$61),"")} -> 30 | N5: {=IFERROR(xlookup(A5,'Market Prices'!A$3:A$61,'Market Prices'!C$3:C$61),"")} -> 17.39 | O5: {=IFERROR(IF(AND(A5<>"",E5<>""),ROUNDDOWN(xlookup(A5,Cards!A$3:A$61,Cards!E$3:E$61)*E5,0),""),"")} -> 11 | P5: {=IFERROR(IF(AND(A5<>"",F5<>""),ROUNDDOWN(xlookup(A5,Cards!A$3:A$61,Cards!E$3:E$61)*F5,0),""),"")} -> 5 | Q5: {=IFERROR(IF(AND(A5<>"",G5<>""),ROUNDUP(xlookup(A5,Cards!A$3:A$61,Cards!E$3:E$61)*G5,0),""),"")} -> 2 | R5: {=IFERROR(IF(AND(A5<>"",H5<>""),ROUNDUP(xlookup(A5,Cards!A$3:A$61,Cards!E$3:E$61)*H5,0),""),"")} -> 1 | S5: =IFERROR(IF(C5<>"",minifs(O$3:O$61,C$3:C$61,C5),""),"") -> 7 | T5: =O5-S5 -> 4 | U5: =(O5*K5)+(P5*L5)+(Q5*M5)+(R5*N5) -> 1377.39 | V5: =IFERROR(IF(AND(U5<>"",D5<>""),U5-D5,""),"") -> 769.59 | W5: =IFERROR(IF(AND(U5<>"",D5<>"",D5<>0),(U5-D5)/D5,""),"") -> 1.2661895 | X5: =(T5*K5)+(P5*L5)+(Q5*M5)+(R5*N5) -> 677.39
A6: ST01-008 | B6: {=IFERROR(xlookup(A6,Cards!A$3:A$61,Cards!C$3:C$61),"")} -> Nico Robin | C6: {=IFERROR(xlookup(A6,Cards!A$3:A$61,Cards!D$3:D$61),"")} -> 25th Anniversary Japanese | D6: {=IFERROR(xlookup(A6,Cards!A4:A1003,Cards!K4:K1003),"")} -> 607.8 | E6: {=IFERROR(xlookup(A6,'CGC Pop Rates'!A$3:A$61,'CGC Pop Rates'!H$3:H$61),"")} -> 0.60904977 | F6: {=IFERROR(xlookup(A6,'CGC Pop Rates'!A$3:A$61,'CGC Pop Rates'!I$3:I$61),"")} -> 0.27149321 | G6: {=IFERROR(xlookup(A6,'CGC Pop Rates'!A$3:A$61,'CGC Pop Rates'!J$3:J$61),"")} -> 0.087782805 | H6: {=IFERROR(xlookup(A6,'CGC Pop Rates'!A$3:A$61,'CGC Pop Rates'!K$3:K$61),"")} -> 0.031674208 | I6: {=IFERROR(xlookup(A6,'CGC Pop Rates'!A$3:A$61,'CGC Pop Rates'!D$3:D$61),"")} -> Yes | J6: 1250 | K6: {=IFERROR(xlookup(A6,'Market Prices'!A$3:A$61,'Market Prices'!F$3:F$61),"")} -> 90 | L6: {=IFERROR(xlookup(A6,'Market Prices'!A$3:A$61,'Market Prices'!E$3:E$61),"")} -> 30 | M6: {=IFERROR(xlookup(A6,'Market Prices'!A$3:A$61,'Market Prices'!D$3:D$61),"")} -> 20 | N6: {=IFERROR(xlookup(A6,'Market Prices'!A$3:A$61,'Market Prices'!C$3:C$61),"")} -> 17.39 | O6: {=IFERROR(IF(AND(A6<>"",E6<>""),ROUNDDOWN(xlookup(A6,Cards!A$3:A$61,Cards!E$3:E$61)*E6,0),""),"")} -> 12 | P6: {=IFERROR(IF(AND(A6<>"",F6<>""),ROUNDDOWN(xlookup(A6,Cards!A$3:A$61,Cards!E$3:E$61)*F6,0),""),"")} -> 5 | Q6: {=IFERROR(IF(AND(A6<>"",G6<>""),ROUNDUP(xlookup(A6,Cards!A$3:A$61,Cards!E$3:E$61)*G6,0),""),"")} -> 2 | R6: {=IFERROR(IF(AND(A6<>"",H6<>""),ROUNDUP(xlookup(A6,Cards!A$3:A$61,Cards!E$3:E$61)*H6,0),""),"")} -> 1 | S6: =IFERROR(IF(C6<>"",minifs(O$3:O$61,C$3:C$61,C6),""),"") -> 7 | T6: =O6-S6 -> 5 | U6: =(O6*K6)+(P6*L6)+(Q6*M6)+(R6*N6) -> 1287.39 | V6: =IFERROR(IF(AND(U6<>"",D6<>""),U6-D6,""),"") -> 679.59 | W6: =IFERROR(IF(AND(U6<>"",D6<>"",D6<>0),(U6-D6)/D6,""),"") -> 1.1181145 | X6: =(T6*K6)+(P6*L6)+(Q6*M6)+(R6*N6) -> 657.39
A7: ST01-006-JP | B7: {=IFERROR(xlookup(A7,Cards!A$3:A$61,Cards!C$3:C$61),"")} -> Tony Tony Chopper | C7: {=IFERROR(xlookup(A7,Cards!A$3:A$61,Cards!D$3:D$61),"")} -> 25th Anniversary Japanese | D7: {=IFERROR(xlookup(A7,Cards!A5:A1004,Cards!K5:K1004),"")} -> 607.8 | E7: {=IFERROR(xlookup(A7,'CGC Pop Rates'!A$3:A$61,'CGC Pop Rates'!H$3:H$61),"")} -> 0.5785124 | F7: {=IFERROR(xlookup(A7,'CGC Pop Rates'!A$3:A$61,'CGC Pop Rates'!I$3:I$61),"")} -> 0.25711662 | G7: {=IFERROR(xlookup(A7,'CGC Pop Rates'!A$3:A$61,'CGC Pop Rates'!J$3:J$61),"")} -> 0.096418733 | H7: {=IFERROR(xlookup(A7,'CGC Pop Rates'!A$3:A$61,'CGC Pop Rates'!K$3:K$61),"")} -> 0.06795225 | I7: {=IFERROR(xlookup(A7,'CGC Pop Rates'!A$3:A$61,'CGC Pop Rates'!D$3:D$61),"")} -> Yes | J7: 1250 | K7: {=IFERROR(xlookup(A7,'Market Prices'!A$3:A$61,'Market Prices'!F$3:F$61),"")} -> 120 | L7: {=IFERROR(xlookup(A7,'Market Prices'!A$3:A$61,'Market Prices'!E$3:E$61),"")} -> 60 | M7: {=IFERROR(xlookup(A7,'Market Prices'!A$3:A$61,'Market Prices'!D$3:D$61),"")} -> 27 | N7: {=IFERROR(xlookup(A7,'Market Prices'!A$3:A$61,'Market Prices'!C$3:C$61),"")} -> 17.39 | O7: {=IFERROR(IF(AND(A7<>"",E7<>""),ROUNDDOWN(xlookup(A7,Cards!A$3:A$61,Cards!E$3:E$61)*E7,0),""),"")} -> 11 | P7: {=IFERROR(IF(AND(A7<>"",F7<>""),ROUNDDOWN(xlookup(A7,Cards!A$3:A$61,Cards!E$3:E$61)*F7,0),""),"")} -> 5 | Q7: {=IFERROR(IF(AND(A7<>"",G7<>""),ROUNDUP(xlookup(A7,Cards!A$3:A$61,Cards!E$3:E$61)*G7,0),""),"")} -> 2 | R7: {=IFERROR(IF(AND(A7<>"",H7<>""),ROUNDUP(xlookup(A7,Cards!A$3:A$61,Cards!E$3:E$61)*H7,0),""),"")} -> 2 | S7: =IFERROR(IF(C7<>"",minifs(O$3:O$61,C$3:C$61,C7),""),"") -> 7 | T7: =O7-S7 -> 4 | U7: =(O7*K7)+(P7*L7)+(Q7*M7)+(R7*N7) -> 1708.78 | V7: =IFERROR(IF(AND(U7<>"",D7<>""),U7-D7,""),"") -> 1100.98 | W7: =IFERROR(IF(AND(U7<>"",D7<>"",D7<>0),(U7-D7)/D7,""),"") -> 1.8114182 | X7: =(T7*K7)+(P7*L7)+(Q7*M7)+(R7*N7) -> 868.78
A8: OP01-013 | B8: {=IFERROR(xlookup(A8,Cards!A$3:A$61,Cards!C$3:C$61),"")} -> Sanji | C8: {=IFERROR(xlookup(A8,Cards!A$3:A$61,Cards!D$3:D$61),"")} -> 25th Anniversary Japanese | D8: {=IFERROR(xlookup(A8,Cards!A6:A1005,Cards!K6:K1005),"")} -> 607.8 | E8: {=IFERROR(xlookup(A8,'CGC Pop Rates'!A$3:A$61,'CGC Pop Rates'!H$3:H$61),"")} -> 0.63095238 | F8: {=IFERROR(xlookup(A8,'CGC Pop Rates'!A$3:A$61,'CGC Pop Rates'!I$3:I$61),"")} -> 0.25865801 | G8: {=IFERROR(xlookup(A8,'CGC Pop Rates'!A$3:A$61,'CGC Pop Rates'!J$3:J$61),"")} -> 0.071428571 | H8: {=IFERROR(xlookup(A8,'CGC Pop Rates'!A$3:A$61,'CGC Pop Rates'!K$3:K$61),"")} -> 0.038961039 | I8: {=IFERROR(xlookup(A8,'CGC Pop Rates'!A$3:A$61,'CGC Pop Rates'!D$3:D$61),"")} -> Yes | J8: 1250 | K8: {=IFERROR(xlookup(A8,'Market Prices'!A$3:A$61,'Market Prices'!F$3:F$61),"")} -> 60 | L8: {=IFERROR(xlookup(A8,'Market Prices'!A$3:A$61,'Market Prices'!E$3:E$61),"")} -> 30 | M8: {=IFERROR(xlookup(A8,'Market Prices'!A$3:A$61,'Market Prices'!D$3:D$61),"")} -> 20 | N8: {=IFERROR(xlookup(A8,'Market Prices'!A$3:A$61,'Market Prices'!C$3:C$61),"")} -> 17.39 | O8: {=IFERROR(IF(AND(A8<>"",E8<>""),ROUNDDOWN(xlookup(A8,Cards!A$3:A$61,Cards!E$3:E$61)*E8,0),""),"")} -> 12 | P8: {=IFERROR(IF(AND(A8<>"",F8<>""),ROUNDDOWN(xlookup(A8,Cards!A$3:A$61,Cards!E$3:E$61)*F8,0),""),"")} -> 5 | Q8: {=IFERROR(IF(AND(A8<>"",G8<>""),ROUNDUP(xlookup(A8,Cards!A$3:A$61,Cards!E$3:E$61)*G8,0),""),"")} -> 2 | R8: {=IFERROR(IF(AND(A8<>"",H8<>""),ROUNDUP(xlookup(A8,Cards!A$3:A$61,Cards!E$3:E$61)*H8,0),""),"")} -> 1 | S8: =IFERROR(IF(C8<>"",minifs(O$3:O$61,C$3:C$61,C8),""),"") -> 7 | T8: =O8-S8 -> 5 | U8: =(O8*K8)+(P8*L8)+(Q8*M8)+(R8*N8) -> 927.39 | V8: =IFERROR(IF(AND(U8<>"",D8<>""),U8-D8,""),"") -> 319.59 | W8: =IFERROR(IF(AND(U8<>"",D8<>"",D8<>0),(U8-D8)/D8,""),"") -> 0.52581441 | X8: =(T8*K8)+(P8*L8)+(Q8*M8)+(R8*N8) -> 507.39
A9: OP01-022 | B9: {=IFERROR(xlookup(A9,Cards!A$3:A$61,Cards!C$3:C$61),"")} -> Brook | C9: {=IFERROR(xlookup(A9,Cards!A$3:A$61,Cards!D$3:D$61),"")} -> 25th Anniversary Japanese | D9: {=IFERROR(xlookup(A9,Cards!A7:A1006,Cards!K7:K1006),"")} -> 607.8 | E9: {=IFERROR(xlookup(A9,'CGC Pop Rates'!A$3:A$61,'CGC Pop Rates'!H$3:H$61),"")} -> 0.38550725 | F9: {=IFERROR(xlookup(A9,'CGC Pop Rates'!A$3:A$61,'CGC Pop Rates'!I$3:I$61),"")} -> 0.35942029 | G9: {=IFERROR(xlookup(A9,'CGC Pop Rates'!A$3:A$61,'CGC Pop Rates'!J$3:J$61),"")} -> 0.13043478 | H9: {=IFERROR(xlookup(A9,'CGC Pop Rates'!A$3:A$61,'CGC Pop Rates'!K$3:K$61),"")} -> 0.12463768 | I9: {=IFERROR(xlookup(A9,'CGC Pop Rates'!A$3:A$61,'CGC Pop Rates'!D$3:D$61),"")} -> Yes | J9: 1250 | K9: {=IFERROR(xlookup(A9,'Market Prices'!A$3:A$61,'Market Prices'!F$3:F$61),"")} -> 60 | L9: {=IFERROR(xlookup(A9,'Market Prices'!A$3:A$61,'Market Prices'!E$3:E$61),"")} -> 25 | M9: {=IFERROR(xlookup(A9,'Market Prices'!A$3:A$61,'Market Prices'!D$3:D$61),"")} -> 20 | N9: {=IFERROR(xlookup(A9,'Market Prices'!A$3:A$61,'Market Prices'!C$3:C$61),"")} -> 17.39 | O9: {=IFERROR(IF(AND(A9<>"",E9<>""),ROUNDDOWN(xlookup(A9,Cards!A$3:A$61,Cards!E$3:E$61)*E9,0),""),"")} -> 7 | P9: {=IFERROR(IF(AND(A9<>"",F9<>""),ROUNDDOWN(xlookup(A9,Cards!A$3:A$61,Cards!E$3:E$61)*F9,0),""),"")} -> 7 | Q9: {=IFERROR(IF(AND(A9<>"",G9<>""),ROUNDUP(xlookup(A9,Cards!A$3:A$61,Cards!E$3:E$61)*G9,0),""),"")} -> 3 | R9: {=IFERROR(IF(AND(A9<>"",H9<>""),ROUNDUP(xlookup(A9,Cards!A$3:A$61,Cards!E$3:E$61)*H9,0),""),"")} -> 3 | S9: =IFERROR(IF(C9<>"",minifs(O$3:O$61,C$3:C$61,C9),""),"") -> 7 | T9: =O9-S9 -> 0 | U9: =(O9*K9)+(P9*L9)+(Q9*M9)+(R9*N9) -> 707.17 | V9: =IFERROR(IF(AND(U9<>"",D9<>""),U9-D9,""),"") -> 99.37 | W9: =IFERROR(IF(AND(U9<>"",D9<>"",D9<>0),(U9-D9)/D9,""),"") -> 0.16349128 | X9: =(T9*K9)+(P9*L9)+(Q9*M9)+(R9*N9) -> 287.17
A10: ST01-005 | B10: {=IFERROR(xlookup(A10,Cards!A$3:A$61,Cards!C$3:C$61),"")} -> Jinbe | C10: {=IFERROR(xlookup(A10,Cards!A$3:A$61,Cards!D$3:D$61),"")} -> 25th Anniversary Japanese | D10: {=IFERROR(xlookup(A10,Cards!A8:A1007,Cards!K8:K1007),"")} -> 607.8 | E10: {=IFERROR(xlookup(A10,'CGC Pop Rates'!A$3:A$61,'CGC Pop Rates'!H$3:H$61),"")} -> 0.51336146 | F10: {=IFERROR(xlookup(A10,'CGC Pop Rates'!A$3:A$61,'CGC Pop Rates'!I$3:I$61),"")} -> 0.33192686 | G10: {=IFERROR(xlookup(A10,'CGC Pop Rates'!A$3:A$61,'CGC Pop Rates'!J$3:J$61),"")} -> 0.10267229 | H10: {=IFERROR(xlookup(A10,'CGC Pop Rates'!A$3:A$61,'CGC Pop Rates'!K$3:K$61),"")} -> 0.052039381 | I10: {=IFERROR(xlookup(A10,'CGC Pop Rates'!A$3:A$61,'CGC Pop Rates'!D$3:D$61),"")} -> Yes | J10: 1250 | K10: {=IFERROR(xlookup(A10,'Market Prices'!A$3:A$61,'Market Prices'!F$3:F$61),"")} -> 65 | L10: {=IFERROR(xlookup(A10,'Market Prices'!A$3:A$61,'Market Prices'!E$3:E$61),"")} -> 30 | M10: {=IFERROR(xlookup(A10,'Market Prices'!A$3:A$61,'Market Prices'!D$3:D$61),"")} -> 20 | N10: {=IFERROR(xlookup(A10,'Market Prices'!A$3:A$61,'Market Prices'!C$3:C$61),"")} -> 17.39 | O10: {=IFERROR(IF(AND(A10<>"",E10<>""),ROUNDDOWN(xlookup(A10,Cards!A$3:A$61,Cards!E$3:E$61)*E10,0),""),"")} -> 10 | P10: {=IFERROR(IF(AND(A10<>"",F10<>""),ROUNDDOWN(xlookup(A10,Cards!A$3:A$61,Cards!E$3:E$61)*F10,0),""),"")} -> 6 | Q10: {=IFERROR(IF(AND(A10<>"",G10<>""),ROUNDUP(xlookup(A10,Cards!A$3:A$61,Cards!E$3:E$61)*G10,0),""),"")} -> 3 | R10: {=IFERROR(IF(AND(A10<>"",H10<>""),ROUNDUP(xlookup(A10,Cards!A$3:A$61,Cards!E$3:E$61)*H10,0),""),"")} -> 2 | S10: =IFERROR(IF(C10<>"",minifs(O$3:O$61,C$3:C$61,C10),""),"") -> 7 | T10: =O10-S10 -> 3 | U10: =(O10*K10)+(P10*L10)+(Q10*M10)+(R10*N10) -> 924.78 | V10: =IFERROR(IF(AND(U10<>"",D10<>""),U10-D10,""),"") -> 316.98 | W10: =IFERROR(IF(AND(U10<>"",D10<>"",D10<>0),(U10-D10)/D10,""),"") -> 0.52152024 | X10: =(T10*K10)+(P10*L10)+(Q10*M10)+(R10*N10) -> 469.78
A11: ST01-010 | B11: {=IFERROR(xlookup(A11,Cards!A$3:A$61,Cards!C$3:C$61),"")} -> Franky | C11: {=IFERROR(xlookup(A11,Cards!A$3:A$61,Cards!D$3:D$61),"")} -> 25th Anniversary Japanese | D11: {=IFERROR(xlookup(A11,Cards!A9:A1008,Cards!K9:K1008),"")} -> 607.8 | E11: {=IFERROR(xlookup(A11,'CGC Pop Rates'!A$3:A$61,'CGC Pop Rates'!H$3:H$61),"")} -> 0.51140065 | F11: {=IFERROR(xlookup(A11,'CGC Pop Rates'!A$3:A$61,'CGC Pop Rates'!I$3:I$61),"")} -> 0.3485342 | G11: {=IFERROR(xlookup(A11,'CGC Pop Rates'!A$3:A$61,'CGC Pop Rates'!J$3:J$61),"")} -> 0.1009772 | H11: {=IFERROR(xlookup(A11,'CGC Pop Rates'!A$3:A$61,'CGC Pop Rates'!K$3:K$61),"")} -> 0.039087948 | I11: {=IFERROR(xlookup(A11,'CGC Pop Rates'!A$3:A$61,'CGC Pop Rates'!D$3:D$61),"")} -> Yes | J11: 1250 | K11: {=IFERROR(xlookup(A11,'Market Prices'!A$3:A$61,'Market Prices'!F$3:F$61),"")} -> 40 | L11: {=IFERROR(xlookup(A11,'Market Prices'!A$3:A$61,'Market Prices'!E$3:E$61),"")} -> 20 | M11: {=IFERROR(xlookup(A11,'Market Prices'!A$3:A$61,'Market Prices'!D$3:D$61),"")} -> 20 | N11: {=IFERROR(xlookup(A11,'Market Prices'!A$3:A$61,'Market Prices'!C$3:C$61),"")} -> 17.39 | O11: {=IFERROR(IF(AND(A11<>"",E11<>""),ROUNDDOWN(xlookup(A11,Cards!A$3:A$61,Cards!E$3:E$61)*E11,0),""),"")} -> 10 | P11: {=IFERROR(IF(AND(A11<>"",F11<>""),ROUNDDOWN(xlookup(A11,Cards!A$3:A$61,Cards!E$3:E$61)*F11,0),""),"")} -> 6 | Q11: {=IFERROR(IF(AND(A11<>"",G11<>""),ROUNDUP(xlookup(A11,Cards!A$3:A$61,Cards!E$3:E$61)*G11,0),""),"")} -> 3 | R11: {=IFERROR(IF(AND(A11<>"",H11<>""),ROUNDUP(xlookup(A11,Cards!A$3:A$61,Cards!E$3:E$61)*H11,0),""),"")} -> 1 | S11: =IFERROR(IF(C11<>"",minifs(O$3:O$61,C$3:C$61,C11),""),"") -> 7 | T11: =O11-S11 -> 3 | U11: =(O11*K11)+(P11*L11)+(Q11*M11)+(R11*N11) -> 597.39 | V11: =IFERROR(IF(AND(U11<>"",D11<>""),U11-D11,""),"") -> -10.41 | W11: =IFERROR(IF(AND(U11<>"",D11<>"",D11<>0),(U11-D11)/D11,""),"") -> -0.017127345 | X11: =(T11*K11)+(P11*L11)+(Q11*M11)+(R11*N11) -> 317.39
A12: ST01-002-JP | B12: {=IFERROR(xlookup(A12,Cards!A$3:A$61,Cards!C$3:C$61),"")} -> Usopp | C12: {=IFERROR(xlookup(A12,Cards!A$3:A$61,Cards!D$3:D$61),"")} -> 25th Anniversary Japanese | D12: {=IFERROR(xlookup(A12,Cards!A10:A1009,Cards!K10:K1009),"")} -> 607.8 | E12: {=IFERROR(xlookup(A12,'CGC Pop Rates'!A$3:A$61,'CGC Pop Rates'!H$3:H$61),"")} -> 0.51582278 | F12: {=IFERROR(xlookup(A12,'CGC Pop Rates'!A$3:A$61,'CGC Pop Rates'!I$3:I$61),"")} -> 0.31962025 | G12: {=IFERROR(xlookup(A12,'CGC Pop Rates'!A$3:A$61,'CGC Pop Rates'!J$3:J$61),"")} -> 0.11550633 | H12: {=IFERROR(xlookup(A12,'CGC Pop Rates'!A$3:A$61,'CGC Pop Rates'!K$3:K$61),"")} -> 0.049050633 | I12: {=IFERROR(xlookup(A12,'CGC Pop Rates'!A$3:A$61,'CGC Pop Rates'!D$3:D$61),"")} -> Yes | J12: 1250 | K12: {=IFERROR(xlookup(A12,'Market Prices'!A$3:A$61,'Market Prices'!F$3:F$61),"")} -> 40 | L12: {=IFERROR(xlookup(A12,'Market Prices'!A$3:A$61,'Market Prices'!E$3:E$61),"")} -> 22 | M12: {=IFERROR(xlookup(A12,'Market Prices'!A$3:A$61,'Market Prices'!D$3:D$61),"")} -> 20 | N12: {=IFERROR(xlookup(A12,'Market Prices'!A$3:A$61,'Market Prices'!C$3:C$61),"")} -> 17.39 | O12: {=IFERROR(IF(AND(A12<>"",E12<>""),ROUNDDOWN(xlookup(A12,Cards!A$3:A$61,Cards!E$3:E$61)*E12,0),""),"")} -> 10 | P12: {=IFERROR(IF(AND(A12<>"",F12<>""),ROUNDDOWN(xlookup(A12,Cards!A$3:A$61,Cards!E$3:E$61)*F12,0),""),"")} -> 6 | Q12: {=IFERROR(IF(AND(A12<>"",G12<>""),ROUNDUP(xlookup(A12,Cards!A$3:A$61,Cards!E$3:E$61)*G12,0),""),"")} -> 3 | R12: {=IFERROR(IF(AND(A12<>"",H12<>""),ROUNDUP(xlookup(A12,Cards!A$3:A$61,Cards!E$3:E$61)*H12,0),""),"")} -> 1 | S12: =IFERROR(IF(C12<>"",minifs(O$3:O$61,C$3:C$61,C12),""),"") -> 7 | T12: =O12-S12 -> 3 | U12: =(O12*K12)+(P12*L12)+(Q12*M12)+(R12*N12) -> 609.39 | V12: =IFERROR(IF(AND(U12<>"",D12<>""),U12-D12,""),"") -> 1.59 | W12: =IFERROR(IF(AND(U12<>"",D12<>"",D12<>0),(U12-D12)/D12,""),"") -> 0.0026159921 | X12: =(T12*K12)+(P12*L12)+(Q12*M12)+(R12*N12) -> 329.39
A13: ST25-001 | B13: {=IFERROR(xlookup(A13,Cards!A$3:A$61,Cards!C$3:C$61),"")} -> Monkey.D.Luffy | C13: {=IFERROR(xlookup(A13,Cards!A$3:A$61,Cards!D$3:D$61),"")} -> Base Shop Collection Vol. 1 | D13: {=IFERROR(xlookup(A13,Cards!A11:A1010,Cards!K11:K1010),"")} -> 1648.5 | E13: {=IFERROR(xlookup(A13,'CGC Pop Rates'!A$3:A$61,'CGC Pop Rates'!H$3:H$61),"")} -> 0.67266187 | F13: {=IFERROR(xlookup(A13,'CGC Pop Rates'!A$3:A$61,'CGC Pop Rates'!I$3:I$61),"")} -> 0.25899281 | G13: {=IFERROR(xlookup(A13,'CGC Pop Rates'!A$3:A$61,'CGC Pop Rates'!J$3:J$61),"")} -> 0.04676259 | H13: {=IFERROR(xlookup(A13,'CGC Pop Rates'!A$3:A$61,'CGC Pop Rates'!K$3:K$61),"")} -> 0.021582734 | I13: {=IFERROR(xlookup(A13,'CGC Pop Rates'!A$3:A$61,'CGC Pop Rates'!D$3:D$61),"")} -> Yes | J13: 610 | K13: {=IFERROR(xlookup(A13,'Market Prices'!A$3:A$61,'Market Prices'!F$3:F$61),"")} -> 160 | L13: {=IFERROR(xlookup(A13,'Market Prices'!A$3:A$61,'Market Prices'!E$3:E$61),"")} -> 120 | M13: {=IFERROR(xlookup(A13,'Market Prices'!A$3:A$61,'Market Prices'!D$3:D$61),"")} -> 20 | N13: {=IFERROR(xlookup(A13,'Market Prices'!A$3:A$61,'Market Prices'!C$3:C$61),"")} -> 19.97 | O13: {=IFERROR(IF(AND(A13<>"",E13<>""),ROUNDDOWN(xlookup(A13,Cards!A$3:A$61,Cards!E$3:E$61)*E13,0),""),"")} -> 33 | P13: {=IFERROR(IF(AND(A13<>"",F13<>""),ROUNDDOWN(xlookup(A13,Cards!A$3:A$61,Cards!E$3:E$61)*F13,0),""),"")} -> 12 | Q13: {=IFERROR(IF(AND(A13<>"",G13<>""),ROUNDUP(xlookup(A13,Cards!A$3:A$61,Cards!E$3:E$61)*G13,0),""),"")} -> 3 | R13: {=IFERROR(IF(AND(A13<>"",H13<>""),ROUNDUP(xlookup(A13,Cards!A$3:A$61,Cards!E$3:E$61)*H13,0),""),"")} -> 2 | S13: =IFERROR(IF(C13<>"",minifs(O$3:O$61,C$3:C$61,C13),""),"") -> 33 | T13: =O13-S13 -> 0 | U13: =(O13*K13)+(P13*L13)+(Q13*M13)+(R13*N13) -> 6819.94 | V13: =IFERROR(IF(AND(U13<>"",D13<>""),U13-D13,""),"") -> 5171.44 | W13: =IFERROR(IF(AND(U13<>"",D13<>"",D13<>0),(U13-D13)/D13,""),"") -> 3.1370579 | X13: =(T13*K13)+(P13*L13)+(Q13*M13)+(R13*N13) -> 1539.94
A14: OP08-001 | B14: {=IFERROR(xlookup(A14,Cards!A$3:A$61,Cards!C$3:C$61),"")} -> Tony Tony Chopper | C14: {=IFERROR(xlookup(A14,Cards!A$3:A$61,Cards!D$3:D$61),"")} -> Base Shop Collection Vol. 1 | D14: {=IFERROR(xlookup(A14,Cards!A12:A1011,Cards!K12:K1011),"")} -> 1648.5 | E14: {=IFERROR(xlookup(A14,'CGC Pop Rates'!A$3:A$61,'CGC Pop Rates'!H$3:H$61),"")} -> 0.71202114 | F14: {=IFERROR(xlookup(A14,'CGC Pop Rates'!A$3:A$61,'CGC Pop Rates'!I$3:I$61),"")} -> 0.21136063 | G14: {=IFERROR(xlookup(A14,'CGC Pop Rates'!A$3:A$61,'CGC Pop Rates'!J$3:J$61),"")} -> 0.058124174 | H14: {=IFERROR(xlookup(A14,'CGC Pop Rates'!A$3:A$61,'CGC Pop Rates'!K$3:K$61),"")} -> 0.018494055 | I14: {=IFERROR(xlookup(A14,'CGC Pop Rates'!A$3:A$61,'CGC Pop Rates'!D$3:D$61),"")} -> Yes | J14: 610 | K14: {=IFERROR(xlookup(A14,'Market Prices'!A$3:A$61,'Market Prices'!F$3:F$61),"")} -> 96 | L14: {=IFERROR(xlookup(A14,'Market Prices'!A$3:A$61,'Market Prices'!E$3:E$61),"")} -> 45 | M14: {=IFERROR(xlookup(A14,'Market Prices'!A$3:A$61,'Market Prices'!D$3:D$61),"")} -> 20 | N14: {=IFERROR(xlookup(A14,'Market Prices'!A$3:A$61,'Market Prices'!C$3:C$61),"")} -> 19.97 | O14: {=IFERROR(IF(AND(A14<>"",E14<>""),ROUNDDOWN(xlookup(A14,Cards!A$3:A$61,Cards!E$3:E$61)*E14,0),""),"")} -> 35 | P14: {=IFERROR(IF(AND(A14<>"",F14<>""),ROUNDDOWN(xlookup(A14,Cards!A$3:A$61,Cards!E$3:E$61)*F14,0),""),"")} -> 10 | Q14: {=IFERROR(IF(AND(A14<>"",G14<>""),ROUNDUP(xlookup(A14,Cards!A$3:A$61,Cards!E$3:E$61)*G14,0),""),"")} -> 3 | R14: {=IFERROR(IF(AND(A14<>"",H14<>""),ROUNDUP(xlookup(A14,Cards!A$3:A$61,Cards!E$3:E$61)*H14,0),""),"")} -> 1 | S14: =IFERROR(IF(C14<>"",minifs(O$3:O$61,C$3:C$61,C14),""),"") -> 33 | T14: =O14-S14 -> 2 | U14: =(O14*K14)+(P14*L14)+(Q14*M14)+(R14*N14) -> 3889.97 | V14: =IFERROR(IF(AND(U14<>"",D14<>""),U14-D14,""),"") -> 2241.47 | W14: =IFERROR(IF(AND(U14<>"",D14<>"",D14<>0),(U14-D14)/D14,""),"") -> 1.3597028 | X14: =(T14*K14)+(P14*L14)+(Q14*M14)+(R14*N14) -> 721.97
... A61: P-072 | B61: {=IFERROR(xlookup(A61,Cards!A$3:A$61,Cards!C$3:C$61),"")} -> Ryuma | C61: {=IFERROR(xlookup(A61,Cards!A$3:A$61,Cards!D$3:D$61),"")} -> Best Selection Vol. 3 | D61: {=IFERROR(xlookup(A61,Cards!A59:A1058,Cards!K59:K1058),"")} -> 84.88 | E61: {=IFERROR(xlookup(A61,'CGC Pop Rates'!A$3:A$61,'CGC Pop Rates'!H$3:H$61),"")} -> 0.62654321 | F61: {=IFERROR(xlookup(A61,'CGC Pop Rates'!A$3:A$61,'CGC Pop Rates'!I$3:I$61),"")} -> 0.2962963 | G61: {=IFERROR(xlookup(A61,'CGC Pop Rates'!A$3:A$61,'CGC Pop Rates'!J$3:J$61),"")} -> 0.058641975 | H61: {=IFERROR(xlookup(A61,'CGC Pop Rates'!A$3:A$61,'CGC Pop Rates'!K$3:K$61),"")} -> 0.018518519 | I61: {=IFERROR(xlookup(A61,'CGC Pop Rates'!A$3:A$61,'CGC Pop Rates'!D$3:D$61),"")} -> Yes | J61: 800 | K61: {=IFERROR(xlookup(A61,'Market Prices'!A$3:A$61,'Market Prices'!F$3:F$61),"")} -> 230 | L61: {=IFERROR(xlookup(A61,'Market Prices'!A$3:A$61,'Market Prices'!E$3:E$61),"")} -> 10 | M61: {=IFERROR(xlookup(A61,'Market Prices'!A$3:A$61,'Market Prices'!D$3:D$61),"")} -> 100 | N61: {=IFERROR(xlookup(A61,'Market Prices'!A$3:A$61,'Market Prices'!C$3:C$61),"")} -> 8.22 | O61: {=IFERROR(IF(AND(A61<>"",E61<>""),ROUNDDOWN(xlookup(A61,Cards!A$3:A$61,Cards!E$3:E$61)*E61,0),""),"")} -> 2 | P61: {=IFERROR(IF(AND(A61<>"",F61<>""),ROUNDDOWN(xlookup(A61,Cards!A$3:A$61,Cards!E$3:E$61)*F61,0),""),"")} -> 1 | Q61: {=IFERROR(IF(AND(A61<>"",G61<>""),ROUNDUP(xlookup(A61,Cards!A$3:A$61,Cards!E$3:E$61)*G61,0),""),"")} -> 1 | R61: {=IFERROR(IF(AND(A61<>"",H61<>""),ROUNDUP(xlookup(A61,Cards!A$3:A$61,Cards!E$3:E$61)*H61,0),""),"")} -> 1 | S61: =IFERROR(IF(C61<>"",minifs(O$3:O$61,C$3:C$61,C61),""),"") -> 2 | T61: =O61-S61 -> 0 | U61: =(O61*K61)+(P61*L61)+(Q61*M61)+(R61*N61) -> 578.22 | V61: =IFERROR(IF(AND(U61<>"",D61<>""),U61-D61,""),"") -> 493.34 | W61: =IFERROR(IF(AND(U61<>"",D61<>"",D61<>0),(U61-D61)/D61,""),"") -> 5.8122055 | X61: =(T61*K61)+(P61*L61)+(Q61*M61)+(R61*N61) -> 118.22

Sheet Set Performance
A1: ONE PIECE CGC — SET PERFORMANCE BREAKDOWN
A2: Promo Set | B2: Cards in Set | C2: Total Cost Invested | D2: Total Exp. Value ($) | E2: Total Exp. Profit ($) | F2: Avg ROI (%) | G2: Est. Pristine 10s | H2: Est. Complete Pristine Sets | I2: Pristine 10 Set Price | J2: Est. CGC 10s | K2: Est. CGC 9s | L2: Total Exp. Value ($) Sold As Sets | M2: Total Exp. Profit ($) Sold As Sets | N2: Avg ROI (%) Sold As Sets | O2: Average Profit Per Set
A3: 25th Anniversary Japanese | B3: =COUNTIF(Analysis!C$3:C$61,"25th Anniversary Japanese") -> 10 | C3: =IFERROR(SUMIF(Analysis!C$3:C$61,"25th Anniversary Japanese",Analysis!D$3:D$61),0) -> 6078 | D3: =IFERROR(SUMIF(Analysis!C$3:C$61,"25th Anniversary Japanese",Analysis!U$3:U$61),0) -> 11353.85 | E3: =IFERROR(SUMIF(Analysis!C$3:C$61,"25th Anniversary Japanese",Analysis!V$3:V$61),0) -> 5275.85 | F3: =E3/C3 -> 0.86802402 | G3: =IFERROR(SUMIF(Analysis!C$3:C$61,"25th Anniversary Japanese",Analysis!O$3:O$61),0) -> 100 | H3: =IFERROR(FLOOR(minifs(Analysis!O$3:O$61,Analysis!C$3:C$61,"25th Anniversary Japanese"),1),0) -> 7 | I3: 1250 | J3: =IFERROR(SUMIF(Analysis!C$3:C$61,A3,Analysis!P$3:P$61),0) -> 59 | K3: =IFERROR(SUMIF(Analysis!C$3:C$61,"25th Anniversary Japanese",Analysis!Q$3:Q$61),0) -> 26 | L3: =IFERROR(SUMIF(Analysis!C$3:C$61,"25th Anniversary Japanese",Analysis!X$3:X$61)+(I3*H3),0) -> 14363.85 | M3: =L3-C3 -> 8285.85 | N3: =M3/C3 -> 1.3632527 | O3: =M3/20 -> 414.2925
A4: Base Shop Collection Vol. 1 | B4: =COUNTIF(Analysis!C$3:C$61,"Base Shop Collection Vol. 1") -> 6 | C4: =IFERROR(SUMIF(Analysis!C$3:C$61,"Base Shop Collection Vol. 1",Analysis!D$3:D$61),0) -> 9891 | D4: =IFERROR(SUMIF(Analysis!C$3:C$61,"Base Shop Collection Vol. 1",Analysis!U$3:U$61),0) -> 21916.76 | E4: =IFERROR(SUMIF(Analysis!C$3:C$61,"Base Shop Collection Vol. 1",Analysis!V$3:V$61),0) -> 12025.76 | F4: =E4/C4 -> 1.2158285 | G4: =IFERROR(SUMIF(Analysis!C$3:C$61,"Base Shop Collection Vol. 1",Analysis!O$3:O$61),0) -> 219 | H4: =IFERROR(FLOOR(minifs(Analysis!O$3:O$61,Analysis!C$3:C$61,"Base Shop Collection Vol. 1"),1),0) -> 33 | I4: 610 | J4: =IFERROR(SUMIF(Analysis!C$3:C$61,A4,Analysis!P$3:P$61),0) -> 54 | K4: =IFERROR(SUMIF(Analysis!C$3:C$61,"Base Shop Collection Vol. 1",Analysis!Q$3:Q$61),0) -> 16 | L4: =IFERROR(SUMIF(Analysis!C$3:C$61,"Base Shop Collection Vol. 1",Analysis!X$3:X$61)+(I4*H4),0) -> 25018.76 | M4: =L4-C4 -> 15127.76 | N4: =M4/C4 -> 1.529447 | O4: =M4/50 -> 302.5552
A5: Kumamoto Special | B5: =COUNTIF(Analysis!C$3:C$61,"Kumamoto Special") -> 10 | C5: =IFERROR(SUMIF(Analysis!C$3:C$61,"Kumamoto Special",Analysis!D$3:D$61),0) -> 8416 | D5: =IFERROR(SUMIF(Analysis!C$3:C$61,"Kumamoto Special",Analysis!U$3:U$61),0) -> 26750.88 | E5: =IFERROR(SUMIF(Analysis!C$3:C$61,"Kumamoto Special",Analysis!V$3:V$61),0) -> 18334.88 | F5: =E5/C5 -> 2.1785741 | G5: =IFERROR(SUMIF(Analysis!C$3:C$61,"Kumamoto Special",Analysis!O$3:O$61),0) -> 98 | H5: =IFERROR(FLOOR(minifs(Analysis!O$3:O$61,Analysis!C$3:C$61,"Kumamoto Special"),1),0) -> 9 | I5: 3000 | J5: =IFERROR(SUMIF(Analysis!C$3:C$61,A5,Analysis!P$3:P$61),0) -> 69 | K5: =IFERROR(SUMIF(Analysis!C$3:C$61,"Kumamoto Special",Analysis!Q$3:Q$61),0) -> 24 | L5: =IFERROR(SUMIF(Analysis!C$3:C$61,"Kumamoto Special",Analysis!X$3:X$61)+(I5*H5),0) -> 36092.88 | M5: =L5-C5 -> 27676.88 | N5: =M5/C5 -> 3.2886027 | O5: =N5-E5 -> -18331.591
A6: Live Action Collection | B6: =COUNTIF(Analysis!C$3:C$61,"Live Action Collection") -> 9 | C6: =IFERROR(SUMIF(Analysis!C$3:C$61,"Live Action Collection",Analysis!D$3:D$61),0) -> 916.2 | D6: =IFERROR(SUMIF(Analysis!C$3:C$61,"Live Action Collection",Analysis!U$3:U$61),0) -> 1524.1 | E6: =IFERROR(SUMIF(Analysis!C$3:C$61,"Live Action Collection",Analysis!V$3:V$61),0) -> 607.9 | F6: =E6/C6 -> 0.66350142 | G6: =IFERROR(SUMIF(Analysis!C$3:C$61,"Live Action Collection",Analysis!O$3:O$61),0) -> 19 | H6: =IFERROR(FLOOR(minifs(Analysis!O$3:O$61,Analysis!C$3:C$61,"Live Action Collection"),1),0) -> 2 | I6: 800 | J6: =IFERROR(SUMIF(Analysis!C$3:C$61,A6,Analysis!P$3:P$61),0) -> 5 | K6: =IFERROR(SUMIF(Analysis!C$3:C$61,"Live Action Collection",Analysis!Q$3:Q$61),0) -> 9 | L6: =IFERROR(SUMIF(Analysis!C$3:C$61,"Live Action Collection",Analysis!X$3:X$61)+(I6*H6),0) -> 2040.1 | M6: =L6-C6 -> 1123.9 | N6: =M6/C6 -> 1.2266972 | O6: =N6-E6 -> -606.6733
A7: Red FIlm Collection | B7: =COUNTIF(Analysis!C$3:C$61,"Red FIlm Colleciton") -> 12 | C7: =IFERROR(SUMIF(Analysis!C$3:C$61,"Red FIlm Colleciton",Analysis!D$3:D$61),0) -> 6112.8 | D7: =IFERROR(SUMIF(Analysis!C$3:C$61,"Red FIlm Colleciton",Analysis!U$3:U$61),0) -> 11320.4 | E7: =IFERROR(SUMIF(Analysis!C$3:C$61,"Red FIlm Colleciton",Analysis!V$3:V$61),0) -> 5207.6 | F7: =E7/C7 -> 0.85191729 | G7: =IFERROR(SUMIF(Analysis!C$3:C$61,"Red FIlm Colleciton",Analysis!O$3:O$61),0) -> 85 | H7: =IFERROR(FLOOR(minifs(Analysis!O$3:O$61,Analysis!C$3:C$61,"Red FIlm Colleciton"),1),0) -> 6 | I7: 2000 | J7: =IFERROR(SUMIF(Analysis!C$3:C$61,A7,Analysis!P$3:P$61),0) -> 0 | K7: =IFERROR(SUMIF(Analysis!C$3:C$61,"Red FIlm Colleciton",Analysis!Q$3:Q$61),0) -> 13 | L7: =IFERROR(SUMIF(Analysis!C$3:C$61,"Red FIlm Colleciton",Analysis!X$3:X$61)+(I7*H7),0) -> 15970.4 | M7: =L7-C7 -> 9857.6 | N7: =M7/C7 -> 1.6126162 | O7: =N7-E7 -> -5205.9874
A8: Best Selection Vol. 3 | B8: =COUNTIF(Analysis!C$3:C$61,"Best Selection Vol. 3") -> 12 | C8: =IFERROR(SUMIF(Analysis!C$3:C$61,"Best Selection Vol. 3",Analysis!D$3:D$61),0) -> 1018.56 | D8: =IFERROR(SUMIF(Analysis!C$3:C$61,"Best Selection Vol. 3",Analysis!U$3:U$61),0) -> 1471.2 | E8: =IFERROR(SUMIF(Analysis!C$3:C$61,"Best Selection Vol. 3",Analysis!V$3:V$61),0) -> 452.64 | F8: =E8/C8 -> 0.44439208 | G8: =IFERROR(SUMIF(Analysis!C$3:C$61,"Best Selection Vol. 3",Analysis!O$3:O$61),0) -> 28 | H8: =IFERROR(FLOOR(minifs(Analysis!O$3:O$61,Analysis!C$3:C$61,"Best Selection Vol. 3"),1),0) -> 2 | I8: 800 | J8: =IFERROR(SUMIF(Analysis!C$3:C$61,A8,Analysis!P$3:P$61),0) -> 3 | K8: =IFERROR(SUMIF(Analysis!C$3:C$61,"Best Selection Vol. 3",Analysis!Q$3:Q$61),0) -> 12 | L8: =IFERROR(SUMIF(Analysis!C$3:C$61,"Best Selection Vol. 3",Analysis!X$3:X$61)+(I8*H8),0) -> 2017.2 | M8: =L8-C8 -> 998.64 | N8: =M8/C8 -> 0.98044298 | O8: =N8-E8 -> -451.65956
A9: PORTFOLIO TOTAL | C9: =SUM(C3:C8) -> 32432.56 | D9: =SUM(D3:D8) -> 74337.19 | E9: =SUM(E3:E8) -> 41904.63 | F9: =AVERAGE(F3:F8) -> 1.0370396 | G9: =SUM(G3:G8) -> 549 | H9: =SUM(H3:H8) -> 59 | J9: =SUM(J3:J8) -> 190 | K9: =SUM(K3:K8) -> 100 | L9: =SUM(L3:L8) -> 95503.19 | M9: =SUM(M3:M8) -> 63070.63 | N9: =AVERAGE(N3:N8) -> 1.6668431 | O9: =SUM(O3:O8) -> -23879.064
